DELETE FROM "sale_details";
DELETE FROM "sales";
DELETE FROM "delivery_details";
DELETE FROM "deliveries";
DELETE FROM "delivery_requests";
DELETE FROM "parts";
DELETE FROM "customers";
DELETE FROM "suppliers";


ALTER TABLE "suppliers" ALTER COLUMN "supplier_id" RESTART WITH 1;
ALTER TABLE "customers" ALTER COLUMN "customer_id" RESTART WITH 1;
ALTER TABLE "parts" ALTER COLUMN "part_id" RESTART WITH 1;
ALTER TABLE "delivery_requests" ALTER COLUMN "request_id" RESTART WITH 1;
ALTER TABLE "deliveries" ALTER COLUMN "delivery_id" RESTART WITH 1;
ALTER TABLE "sales" ALTER COLUMN "sale_id" RESTART WITH 1;


INSERT INTO "suppliers" ("company_name", "contact_info") VALUES ('TechParts Inc.', 'contact@techparts.com');
INSERT INTO "suppliers" ("company_name", "contact_info") VALUES ('Global Components', 'info@globalcomponents.com');
INSERT INTO "suppliers" ("company_name", "contact_info") VALUES ('ElectroParts Ltd.', 'support@electroparts.com');
INSERT INTO "suppliers" ("company_name", "contact_info") VALUES ('PC Builders Co.', 'sales@pcbuilders.com');
INSERT INTO "suppliers" ("company_name", "contact_info") VALUES ('Hardware Solutions', 'support@hardwaresolutions.com');
INSERT INTO "suppliers" ("company_name", "contact_info") VALUES ('NextGen Tech', 'info@nextgentech.com');
INSERT INTO "suppliers" ("company_name", "contact_info") VALUES ('Elite Components', 'contact@elitecomponents.com');
INSERT INTO "suppliers" ("company_name", "contact_info") VALUES ('Future Parts', 'sales@futureparts.com');
INSERT INTO "suppliers" ("company_name", "contact_info") VALUES ('Tech Innovators', 'info@techinnovators.com');
INSERT INTO "suppliers" ("company_name", "contact_info") VALUES ('Smart Hardware', 'support@smarthardware.com');
INSERT INTO "suppliers" ("company_name", "contact_info") VALUES ('Advanced Components', 'sales@advancedcomponents.com');
INSERT INTO "suppliers" ("company_name", "contact_info") VALUES ('PC Gear Ltd.', 'info@pcgear.com');
INSERT INTO "suppliers" ("company_name", "contact_info") VALUES ('Tech World', 'contact@techworld.com');
INSERT INTO "suppliers" ("company_name", "contact_info") VALUES ('Global Hardware', 'support@globalhardware.com');
INSERT INTO "suppliers" ("company_name", "contact_info") VALUES ('Innovative Parts', 'sales@innovativeparts.com');
INSERT INTO "suppliers" ("company_name", "contact_info") VALUES ('Tech Hub', 'info@techhub.com');
INSERT INTO "suppliers" ("company_name", "contact_info") VALUES ('PC Masters', 'contact@pcmasters.com');
INSERT INTO "suppliers" ("company_name", "contact_info") VALUES ('Hardware Pros', 'support@hardwarepros.com');
INSERT INTO "suppliers" ("company_name", "contact_info") VALUES ('Future Tech', 'sales@futuretech.com');
INSERT INTO "suppliers" ("company_name", "contact_info") VALUES ('Elite Hardware', 'info@elitehardware.com');
INSERT INTO "suppliers" ("company_name", "contact_info") VALUES ('NextGen Parts', 'contact@nextgenparts.com');
INSERT INTO "suppliers" ("company_name", "contact_info") VALUES ('Smart Components', 'support@smartcomponents.com');
INSERT INTO "suppliers" ("company_name", "contact_info") VALUES ('Advanced Tech', 'sales@advancedtech.com');
INSERT INTO "suppliers" ("company_name", "contact_info") VALUES ('PC Innovators', 'info@pcinnovators.com');
INSERT INTO "suppliers" ("company_name", "contact_info") VALUES ('Tech Solutions', 'contact@techsolutions.com');
INSERT INTO "suppliers" ("company_name", "contact_info") VALUES ('Global Tech', 'support@globaltech.com');
INSERT INTO "suppliers" ("company_name", "contact_info") VALUES ('Innovative Hardware', 'sales@innovativehardware.com');
INSERT INTO "suppliers" ("company_name", "contact_info") VALUES ('PC Experts', 'info@pcexperts.com');
INSERT INTO "suppliers" ("company_name", "contact_info") VALUES ('Tech Pros', 'contact@techpros.com');
INSERT INTO "suppliers" ("company_name", "contact_info") VALUES ('Hardware Masters', 'support@hardwaremasters.com');


INSERT INTO "customers" ("first_name", "last_name", "phone_number") VALUES ('John', 'Doe', '555-0101');
INSERT INTO "customers" ("first_name", "last_name", "phone_number") VALUES ('Jane', 'Smith', '555-0102');
INSERT INTO "customers" ("first_name", "last_name", "phone_number") VALUES ('Alice', 'Johnson', '555-0103');
INSERT INTO "customers" ("first_name", "last_name", "phone_number") VALUES ('Bob', 'Brown', '555-0104');
INSERT INTO "customers" ("first_name", "last_name", "phone_number") VALUES ('Charlie', 'Davis', '555-0105');
INSERT INTO "customers" ("first_name", "last_name", "phone_number") VALUES ('Eva', 'Wilson', '555-0106');
INSERT INTO "customers" ("first_name", "last_name", "phone_number") VALUES ('Frank', 'Moore', '555-0107');
INSERT INTO "customers" ("first_name", "last_name", "phone_number") VALUES ('Grace', 'Taylor', '555-0108');
INSERT INTO "customers" ("first_name", "last_name", "phone_number") VALUES ('Henry', 'Anderson', '555-0109');
INSERT INTO "customers" ("first_name", "last_name", "phone_number") VALUES ('Ivy', 'Thomas', '555-0110');
INSERT INTO "customers" ("first_name", "last_name", "phone_number") VALUES ('Jack', 'Jackson', '555-0111');
INSERT INTO "customers" ("first_name", "last_name", "phone_number") VALUES ('Karen', 'White', '555-0112');
INSERT INTO "customers" ("first_name", "last_name", "phone_number") VALUES ('Leo', 'Harris', '555-0113');
INSERT INTO "customers" ("first_name", "last_name", "phone_number") VALUES ('Mia', 'Martin', '555-0114');
INSERT INTO "customers" ("first_name", "last_name", "phone_number") VALUES ('Noah', 'Thompson', '555-0115');
INSERT INTO "customers" ("first_name", "last_name", "phone_number") VALUES ('Olivia', 'Garcia', '555-0116');
INSERT INTO "customers" ("first_name", "last_name", "phone_number") VALUES ('Paul', 'Martinez', '555-0117');
INSERT INTO "customers" ("first_name", "last_name", "phone_number") VALUES ('Quinn', 'Robinson', '555-0118');
INSERT INTO "customers" ("first_name", "last_name", "phone_number") VALUES ('Ryan', 'Clark', '555-0119');
INSERT INTO "customers" ("first_name", "last_name", "phone_number") VALUES ('Sophia', 'Rodriguez', '555-0120');
INSERT INTO "customers" ("first_name", "last_name", "phone_number") VALUES ('Tom', 'Lewis', '555-0121');
INSERT INTO "customers" ("first_name", "last_name", "phone_number") VALUES ('Uma', 'Lee', '555-0122');
INSERT INTO "customers" ("first_name", "last_name", "phone_number") VALUES ('Victor', 'Walker', '555-0123');
INSERT INTO "customers" ("first_name", "last_name", "phone_number") VALUES ('Wendy', 'Hall', '555-0124');
INSERT INTO "customers" ("first_name", "last_name", "phone_number") VALUES ('Xander', 'Allen', '555-0125');
INSERT INTO "customers" ("first_name", "last_name", "phone_number") VALUES ('Yara', 'Young', '555-0126');
INSERT INTO "customers" ("first_name", "last_name", "phone_number") VALUES ('Zack', 'Hernandez', '555-0127');
INSERT INTO "customers" ("first_name", "last_name", "phone_number") VALUES ('Amy', 'King', '555-0128');
INSERT INTO "customers" ("first_name", "last_name", "phone_number") VALUES ('Ben', 'Wright', '555-0129');
INSERT INTO "customers" ("first_name", "last_name", "phone_number") VALUES ('Cara', 'Lopez', '555-0130');


INSERT INTO "parts" ("part_name", "description", "units_in_stock", "retail_price") VALUES ('Motherboard', 'ATX form factor', 10, 120.00);
INSERT INTO "parts" ("part_name", "description", "units_in_stock", "retail_price") VALUES ('CPU', 'Quad-core processor', 15, 200.00);
INSERT INTO "parts" ("part_name", "description", "units_in_stock", "retail_price") VALUES ('RAM', '16GB DDR4', 20, 80.00);
INSERT INTO "parts" ("part_name", "description", "units_in_stock", "retail_price") VALUES ('GPU', '8GB GDDR6', 25, 500.00);
INSERT INTO "parts" ("part_name", "description", "units_in_stock", "retail_price") VALUES ('SSD', '1TB NVMe', 30, 150.00);
INSERT INTO "parts" ("part_name", "description", "units_in_stock", "retail_price") VALUES ('HDD', '2TB 7200 RPM', 35, 80.00);
INSERT INTO "parts" ("part_name", "description", "units_in_stock", "retail_price") VALUES ('Power Supply', '750W 80+ Gold', 40, 100.00);
INSERT INTO "parts" ("part_name", "description", "units_in_stock", "retail_price") VALUES ('Case', 'Mid Tower', 45, 70.00);
INSERT INTO "parts" ("part_name", "description", "units_in_stock", "retail_price") VALUES ('Cooler', 'Liquid Cooling', 50, 90.00);
INSERT INTO "parts" ("part_name", "description", "units_in_stock", "retail_price") VALUES ('Monitor', '27" 144Hz', 55, 300.00);
INSERT INTO "parts" ("part_name", "description", "units_in_stock", "retail_price") VALUES ('Keyboard', 'Mechanical', 60, 120.00);
INSERT INTO "parts" ("part_name", "description", "units_in_stock", "retail_price") VALUES ('Mouse', 'Gaming', 65, 50.00);
INSERT INTO "parts" ("part_name", "description", "units_in_stock", "retail_price") VALUES ('Headset', '7.1 Surround', 70, 100.00);
INSERT INTO "parts" ("part_name", "description", "units_in_stock", "retail_price") VALUES ('Speaker', '2.1 Channel', 75, 60.00);
INSERT INTO "parts" ("part_name", "description", "units_in_stock", "retail_price") VALUES ('Webcam', '1080p', 80, 70.00);
INSERT INTO "parts" ("part_name", "description", "units_in_stock", "retail_price") VALUES ('Microphone', 'Condenser', 85, 90.00);
INSERT INTO "parts" ("part_name", "description", "units_in_stock", "retail_price") VALUES ('Router', 'Wi-Fi 6', 90, 120.00);
INSERT INTO "parts" ("part_name", "description", "units_in_stock", "retail_price") VALUES ('Switch', '24 Port', 95, 150.00);
INSERT INTO "parts" ("part_name", "description", "units_in_stock", "retail_price") VALUES ('Cable', 'HDMI 2.0', 100, 20.00);
INSERT INTO "parts" ("part_name", "description", "units_in_stock", "retail_price") VALUES ('Adapter', 'USB-C to HDMI', 105, 15.00);
INSERT INTO "parts" ("part_name", "description", "units_in_stock", "retail_price") VALUES ('Battery', 'Laptop', 110, 50.00);
INSERT INTO "parts" ("part_name", "description", "units_in_stock", "retail_price") VALUES ('Charger', '65W', 115, 30.00);
INSERT INTO "parts" ("part_name", "description", "units_in_stock", "retail_price") VALUES ('Dock', 'Thunderbolt 3', 120, 200.00);
INSERT INTO "parts" ("part_name", "description", "units_in_stock", "retail_price") VALUES ('Printer', 'Laser', 125, 250.00);
INSERT INTO "parts" ("part_name", "description", "units_in_stock", "retail_price") VALUES ('Scanner', 'Flatbed', 130, 150.00);
INSERT INTO "parts" ("part_name", "description", "units_in_stock", "retail_price") VALUES ('Projector', '4K', 135, 800.00);
INSERT INTO "parts" ("part_name", "description", "units_in_stock", "retail_price") VALUES ('Tablet', '10"', 140, 400.00);
INSERT INTO "parts" ("part_name", "description", "units_in_stock", "retail_price") VALUES ('Smartphone', '128GB', 145, 600.00);
INSERT INTO "parts" ("part_name", "description", "units_in_stock", "retail_price") VALUES ('Smartwatch', 'Fitness', 150, 200.00);
INSERT INTO "parts" ("part_name", "description", "units_in_stock", "retail_price") VALUES ('Drone', '4K Camera', 155, 500.00);


INSERT INTO "delivery_requests" ("supplier_id", "request_date", "part_id", "quantity") VALUES (1, '2023-01-01', 1, 5);
INSERT INTO "delivery_requests" ("supplier_id", "request_date", "part_id", "quantity") VALUES (2, '2023-01-02', 2, 10);
INSERT INTO "delivery_requests" ("supplier_id", "request_date", "part_id", "quantity") VALUES (3, '2023-01-03', 3, 15);
INSERT INTO "delivery_requests" ("supplier_id", "request_date", "part_id", "quantity") VALUES (4, '2023-01-04', 4, 20);
INSERT INTO "delivery_requests" ("supplier_id", "request_date", "part_id", "quantity") VALUES (5, '2023-01-05', 5, 25);
INSERT INTO "delivery_requests" ("supplier_id", "request_date", "part_id", "quantity") VALUES (6, '2023-01-06', 6, 30);
INSERT INTO "delivery_requests" ("supplier_id", "request_date", "part_id", "quantity") VALUES (7, '2023-01-07', 7, 35);
INSERT INTO "delivery_requests" ("supplier_id", "request_date", "part_id", "quantity") VALUES (8, '2023-01-08', 8, 40);
INSERT INTO "delivery_requests" ("supplier_id", "request_date", "part_id", "quantity") VALUES (9, '2023-01-09', 9, 45);
INSERT INTO "delivery_requests" ("supplier_id", "request_date", "part_id", "quantity") VALUES (10, '2023-01-10', 10, 50);
INSERT INTO "delivery_requests" ("supplier_id", "request_date", "part_id", "quantity") VALUES (11, '2023-01-11', 11, 55);
INSERT INTO "delivery_requests" ("supplier_id", "request_date", "part_id", "quantity") VALUES (12, '2023-01-12', 12, 60);
INSERT INTO "delivery_requests" ("supplier_id", "request_date", "part_id", "quantity") VALUES (13, '2023-01-13', 13, 65);
INSERT INTO "delivery_requests" ("supplier_id", "request_date", "part_id", "quantity") VALUES (14, '2023-01-14', 14, 70);
INSERT INTO "delivery_requests" ("supplier_id", "request_date", "part_id", "quantity") VALUES (15, '2023-01-15', 15, 75);
INSERT INTO "delivery_requests" ("supplier_id", "request_date", "part_id", "quantity") VALUES (16, '2023-01-16', 16, 80);
INSERT INTO "delivery_requests" ("supplier_id", "request_date", "part_id", "quantity") VALUES (17, '2023-01-17', 17, 85);
INSERT INTO "delivery_requests" ("supplier_id", "request_date", "part_id", "quantity") VALUES (18, '2023-01-18', 18, 90);
INSERT INTO "delivery_requests" ("supplier_id", "request_date", "part_id", "quantity") VALUES (19, '2023-01-19', 19, 95);
INSERT INTO "delivery_requests" ("supplier_id", "request_date", "part_id", "quantity") VALUES (20, '2023-01-20', 20, 100);
INSERT INTO "delivery_requests" ("supplier_id", "request_date", "part_id", "quantity") VALUES (21, '2023-01-21', 21, 105);
INSERT INTO "delivery_requests" ("supplier_id", "request_date", "part_id", "quantity") VALUES (22, '2023-01-22', 22, 110);
INSERT INTO "delivery_requests" ("supplier_id", "request_date", "part_id", "quantity") VALUES (23, '2023-01-23', 23, 115);
INSERT INTO "delivery_requests" ("supplier_id", "request_date", "part_id", "quantity") VALUES (24, '2023-01-24', 24, 120);
INSERT INTO "delivery_requests" ("supplier_id", "request_date", "part_id", "quantity") VALUES (25, '2023-01-25', 25, 125);
INSERT INTO "delivery_requests" ("supplier_id", "request_date", "part_id", "quantity") VALUES (26, '2023-01-26', 26, 130);
INSERT INTO "delivery_requests" ("supplier_id", "request_date", "part_id", "quantity") VALUES (27, '2023-01-27', 27, 135);
INSERT INTO "delivery_requests" ("supplier_id", "request_date", "part_id", "quantity") VALUES (28, '2023-01-28', 28, 140);
INSERT INTO "delivery_requests" ("supplier_id", "request_date", "part_id", "quantity") VALUES (29, '2023-01-29', 29, 145);
INSERT INTO "delivery_requests" ("supplier_id", "request_date", "part_id", "quantity") VALUES (30, '2023-01-30', 30, 150);


INSERT INTO "deliveries" ("delivery_date") VALUES ('2023-01-05');
INSERT INTO "deliveries" ("delivery_date") VALUES ('2023-01-06');
INSERT INTO "deliveries" ("delivery_date") VALUES ('2023-01-07');
INSERT INTO "deliveries" ("delivery_date") VALUES ('2023-01-08');
INSERT INTO "deliveries" ("delivery_date") VALUES ('2023-01-09');
INSERT INTO "deliveries" ("delivery_date") VALUES ('2023-01-10');
INSERT INTO "deliveries" ("delivery_date") VALUES ('2023-01-11');
INSERT INTO "deliveries" ("delivery_date") VALUES ('2023-01-12');
INSERT INTO "deliveries" ("delivery_date") VALUES ('2023-01-13');
INSERT INTO "deliveries" ("delivery_date") VALUES ('2023-01-14');
INSERT INTO "deliveries" ("delivery_date") VALUES ('2023-01-15');
INSERT INTO "deliveries" ("delivery_date") VALUES ('2023-01-16');
INSERT INTO "deliveries" ("delivery_date") VALUES ('2023-01-17');
INSERT INTO "deliveries" ("delivery_date") VALUES ('2023-01-18');
INSERT INTO "deliveries" ("delivery_date") VALUES ('2023-01-19');
INSERT INTO "deliveries" ("delivery_date") VALUES ('2023-01-20');
INSERT INTO "deliveries" ("delivery_date") VALUES ('2023-01-21');
INSERT INTO "deliveries" ("delivery_date") VALUES ('2023-01-22');
INSERT INTO "deliveries" ("delivery_date") VALUES ('2023-01-23');
INSERT INTO "deliveries" ("delivery_date") VALUES ('2023-01-24');
INSERT INTO "deliveries" ("delivery_date") VALUES ('2023-01-25');
INSERT INTO "deliveries" ("delivery_date") VALUES ('2023-01-26');
INSERT INTO "deliveries" ("delivery_date") VALUES ('2023-01-27');
INSERT INTO "deliveries" ("delivery_date") VALUES ('2023-01-28');
INSERT INTO "deliveries" ("delivery_date") VALUES ('2023-01-29');
INSERT INTO "deliveries" ("delivery_date") VALUES ('2023-01-30');
INSERT INTO "deliveries" ("delivery_date") VALUES ('2023-01-31');
INSERT INTO "deliveries" ("delivery_date") VALUES ('2023-02-01');
INSERT INTO "deliveries" ("delivery_date") VALUES ('2023-02-02');
INSERT INTO "deliveries" ("delivery_date") VALUES ('2023-02-03');


INSERT INTO "delivery_details" ("delivery_id", "request_id", "quantity", "selling_price") VALUES (1, 1, 5, 100.00);
INSERT INTO "delivery_details" ("delivery_id", "request_id", "quantity", "selling_price") VALUES (2, 2, 10, 180.00);
INSERT INTO "delivery_details" ("delivery_id", "request_id", "quantity", "selling_price") VALUES (3, 3, 15, 70.00);
INSERT INTO "delivery_details" ("delivery_id", "request_id", "quantity", "selling_price") VALUES (4, 4, 20, 450.00);
INSERT INTO "delivery_details" ("delivery_id", "request_id", "quantity", "selling_price") VALUES (5, 5, 25, 130.00);
INSERT INTO "delivery_details" ("delivery_id", "request_id", "quantity", "selling_price") VALUES (6, 6, 30, 70.00);
INSERT INTO "delivery_details" ("delivery_id", "request_id", "quantity", "selling_price") VALUES (7, 7, 35, 90.00);
INSERT INTO "delivery_details" ("delivery_id", "request_id", "quantity", "selling_price") VALUES (8, 8, 40, 60.00);
INSERT INTO "delivery_details" ("delivery_id", "request_id", "quantity", "selling_price") VALUES (9, 9, 45, 80.00);
INSERT INTO "delivery_details" ("delivery_id", "request_id", "quantity", "selling_price") VALUES (10, 10, 50, 280.00);
INSERT INTO "delivery_details" ("delivery_id", "request_id", "quantity", "selling_price") VALUES (11, 11, 55, 110.00);
INSERT INTO "delivery_details" ("delivery_id", "request_id", "quantity", "selling_price") VALUES (12, 12, 60, 45.00);
INSERT INTO "delivery_details" ("delivery_id", "request_id", "quantity", "selling_price") VALUES (13, 13, 65, 90.00);
INSERT INTO "delivery_details" ("delivery_id", "request_id", "quantity", "selling_price") VALUES (14, 14, 70, 55.00);
INSERT INTO "delivery_details" ("delivery_id", "request_id", "quantity", "selling_price") VALUES (15, 15, 75, 65.00);
INSERT INTO "delivery_details" ("delivery_id", "request_id", "quantity", "selling_price") VALUES (16, 16, 80, 85.00);
INSERT INTO "delivery_details" ("delivery_id", "request_id", "quantity", "selling_price") VALUES (17, 17, 85, 110.00);
INSERT INTO "delivery_details" ("delivery_id", "request_id", "quantity", "selling_price") VALUES (18, 18, 90, 140.00);
INSERT INTO "delivery_details" ("delivery_id", "request_id", "quantity", "selling_price") VALUES (19, 19, 95, 18.00);
INSERT INTO "delivery_details" ("delivery_id", "request_id", "quantity", "selling_price") VALUES (20, 20, 100, 13.00);
INSERT INTO "delivery_details" ("delivery_id", "request_id", "quantity", "selling_price") VALUES (21, 21, 105, 45.00);
INSERT INTO "delivery_details" ("delivery_id", "request_id", "quantity", "selling_price") VALUES (22, 22, 110, 25.00);
INSERT INTO "delivery_details" ("delivery_id", "request_id", "quantity", "selling_price") VALUES (23, 23, 115, 180.00);
INSERT INTO "delivery_details" ("delivery_id", "request_id", "quantity", "selling_price") VALUES (24, 24, 120, 230.00);
INSERT INTO "delivery_details" ("delivery_id", "request_id", "quantity", "selling_price") VALUES (25, 25, 125, 140.00);
INSERT INTO "delivery_details" ("delivery_id", "request_id", "quantity", "selling_price") VALUES (26, 26, 130, 750.00);
INSERT INTO "delivery_details" ("delivery_id", "request_id", "quantity", "selling_price") VALUES (27, 27, 135, 380.00);
INSERT INTO "delivery_details" ("delivery_id", "request_id", "quantity", "selling_price") VALUES (28, 28, 140, 550.00);
INSERT INTO "delivery_details" ("delivery_id", "request_id", "quantity", "selling_price") VALUES (29, 29, 145, 180.00);
INSERT INTO "delivery_details" ("delivery_id", "request_id", "quantity", "selling_price") VALUES (30, 30, 150, 450.00);


INSERT INTO "sales" ("customer_id", "sale_date") VALUES (1, '2023-01-10');
INSERT INTO "sales" ("customer_id", "sale_date") VALUES (2, '2023-01-11');
INSERT INTO "sales" ("customer_id", "sale_date") VALUES (3, '2023-01-12');
INSERT INTO "sales" ("customer_id", "sale_date") VALUES (4, '2023-01-13');
INSERT INTO "sales" ("customer_id", "sale_date") VALUES (5, '2023-01-14');
INSERT INTO "sales" ("customer_id", "sale_date") VALUES (6, '2023-01-15');
INSERT INTO "sales" ("customer_id", "sale_date") VALUES (7, '2023-01-16');
INSERT INTO "sales" ("customer_id", "sale_date") VALUES (8, '2023-01-17');
INSERT INTO "sales" ("customer_id", "sale_date") VALUES (9, '2023-01-18');
INSERT INTO "sales" ("customer_id", "sale_date") VALUES (10, '2023-01-19');
INSERT INTO "sales" ("customer_id", "sale_date") VALUES (11, '2023-01-20');
INSERT INTO "sales" ("customer_id", "sale_date") VALUES (12, '2023-01-21');
INSERT INTO "sales" ("customer_id", "sale_date") VALUES (13, '2023-01-22');
INSERT INTO "sales" ("customer_id", "sale_date") VALUES (14, '2023-01-23');
INSERT INTO "sales" ("customer_id", "sale_date") VALUES (15, '2023-01-24');
INSERT INTO "sales" ("customer_id", "sale_date") VALUES (16, '2023-01-25');
INSERT INTO "sales" ("customer_id", "sale_date") VALUES (17, '2023-01-26');
INSERT INTO "sales" ("customer_id", "sale_date") VALUES (18, '2023-01-27');
INSERT INTO "sales" ("customer_id", "sale_date") VALUES (19, '2023-01-28');
INSERT INTO "sales" ("customer_id", "sale_date") VALUES (20, '2023-01-29');
INSERT INTO "sales" ("customer_id", "sale_date") VALUES (21, '2023-01-30');
INSERT INTO "sales" ("customer_id", "sale_date") VALUES (22, '2023-01-31');
INSERT INTO "sales" ("customer_id", "sale_date") VALUES (23, '2023-02-01');
INSERT INTO "sales" ("customer_id", "sale_date") VALUES (24, '2023-02-02');
INSERT INTO "sales" ("customer_id", "sale_date") VALUES (25, '2023-02-03');
INSERT INTO "sales" ("customer_id", "sale_date") VALUES (26, '2023-02-04');
INSERT INTO "sales" ("customer_id", "sale_date") VALUES (27, '2023-02-05');
INSERT INTO "sales" ("customer_id", "sale_date") VALUES (28, '2023-02-06');
INSERT INTO "sales" ("customer_id", "sale_date") VALUES (29, '2023-02-07');
INSERT INTO "sales" ("customer_id", "sale_date") VALUES (30, '2023-02-08');


INSERT INTO "sale_details" ("sale_id", "part_id", "retail_price", "quantity") VALUES (1, 1, 120.00, 5);
INSERT INTO "sale_details" ("sale_id", "part_id", "retail_price", "quantity") VALUES (1, 2, 200.00, 1);
INSERT INTO "sale_details" ("sale_id", "part_id", "retail_price", "quantity") VALUES (2, 3, 80.00, 4);
INSERT INTO "sale_details" ("sale_id", "part_id", "retail_price", "quantity") VALUES (2, 4, 500.00, 1);
INSERT INTO "sale_details" ("sale_id", "part_id", "retail_price", "quantity") VALUES (3, 5, 150.00, 2);
INSERT INTO "sale_details" ("sale_id", "part_id", "retail_price", "quantity") VALUES (3, 6, 80.00, 1);
INSERT INTO "sale_details" ("sale_id", "part_id", "retail_price", "quantity") VALUES (4, 7, 100.00, 1);
INSERT INTO "sale_details" ("sale_id", "part_id", "retail_price", "quantity") VALUES (4, 8, 70.00, 1);
INSERT INTO "sale_details" ("sale_id", "part_id", "retail_price", "quantity") VALUES (5, 9, 90.00, 1);
INSERT INTO "sale_details" ("sale_id", "part_id", "retail_price", "quantity") VALUES (5, 10, 300.00, 1);
INSERT INTO "sale_details" ("sale_id", "part_id", "retail_price", "quantity") VALUES (6, 11, 120.00, 1);
INSERT INTO "sale_details" ("sale_id", "part_id", "retail_price", "quantity") VALUES (6, 12, 50.00, 1);
INSERT INTO "sale_details" ("sale_id", "part_id", "retail_price", "quantity") VALUES (7, 13, 100.00, 1);
INSERT INTO "sale_details" ("sale_id", "part_id", "retail_price", "quantity") VALUES (7, 14, 60.00, 1);
INSERT INTO "sale_details" ("sale_id", "part_id", "retail_price", "quantity") VALUES (8, 15, 70.00, 1);
INSERT INTO "sale_details" ("sale_id", "part_id", "retail_price", "quantity") VALUES (8, 16, 90.00, 1);
INSERT INTO "sale_details" ("sale_id", "part_id", "retail_price", "quantity") VALUES (9, 17, 120.00, 1);
INSERT INTO "sale_details" ("sale_id", "part_id", "retail_price", "quantity") VALUES (9, 18, 150.00, 1);
INSERT INTO "sale_details" ("sale_id", "part_id", "retail_price", "quantity") VALUES (10, 19, 20.00, 2);
INSERT INTO "sale_details" ("sale_id", "part_id", "retail_price", "quantity") VALUES (10, 20, 15.00, 1);
INSERT INTO "sale_details" ("sale_id", "part_id", "retail_price", "quantity") VALUES (11, 21, 50.00, 1);
INSERT INTO "sale_details" ("sale_id", "part_id", "retail_price", "quantity") VALUES (11, 22, 30.00, 1);
INSERT INTO "sale_details" ("sale_id", "part_id", "retail_price", "quantity") VALUES (12, 23, 200.00, 1);
INSERT INTO "sale_details" ("sale_id", "part_id", "retail_price", "quantity") VALUES (12, 24, 250.00, 1);
INSERT INTO "sale_details" ("sale_id", "part_id", "retail_price", "quantity") VALUES (13, 25, 150.00, 1);
INSERT INTO "sale_details" ("sale_id", "part_id", "retail_price", "quantity") VALUES (13, 26, 800.00, 1);
INSERT INTO "sale_details" ("sale_id", "part_id", "retail_price", "quantity") VALUES (14, 27, 400.00, 1);
INSERT INTO "sale_details" ("sale_id", "part_id", "retail_price", "quantity") VALUES (14, 28, 600.00, 1);
INSERT INTO "sale_details" ("sale_id", "part_id", "retail_price", "quantity") VALUES (15, 29, 200.00, 1);
INSERT INTO "sale_details" ("sale_id", "part_id", "retail_price", "quantity") VALUES (15, 30, 500.00, 1);
INSERT INTO "sale_details" ("sale_id", "part_id", "retail_price", "quantity") VALUES (16, 1, 120.00, 3);
INSERT INTO "sale_details" ("sale_id", "part_id", "retail_price", "quantity") VALUES (16, 3, 80.00, 2);
INSERT INTO "sale_details" ("sale_id", "part_id", "retail_price", "quantity") VALUES (17, 2, 200.00, 1);
INSERT INTO "sale_details" ("sale_id", "part_id", "retail_price", "quantity") VALUES (17, 4, 500.00, 1);
INSERT INTO "sale_details" ("sale_id", "part_id", "retail_price", "quantity") VALUES (18, 5, 150.00, 2);
INSERT INTO "sale_details" ("sale_id", "part_id", "retail_price", "quantity") VALUES (18, 6, 80.00, 1);
INSERT INTO "sale_details" ("sale_id", "part_id", "retail_price", "quantity") VALUES (19, 7, 100.00, 1);
INSERT INTO "sale_details" ("sale_id", "part_id", "retail_price", "quantity") VALUES (19, 8, 70.00, 1);
INSERT INTO "sale_details" ("sale_id", "part_id", "retail_price", "quantity") VALUES (20, 9, 90.00, 1);
INSERT INTO "sale_details" ("sale_id", "part_id", "retail_price", "quantity") VALUES (20, 10, 300.00, 1);
INSERT INTO "sale_details" ("sale_id", "part_id", "retail_price", "quantity") VALUES (21, 11, 120.00, 1);
INSERT INTO "sale_details" ("sale_id", "part_id", "retail_price", "quantity") VALUES (21, 12, 50.00, 1);
INSERT INTO "sale_details" ("sale_id", "part_id", "retail_price", "quantity") VALUES (22, 13, 100.00, 1);
INSERT INTO "sale_details" ("sale_id", "part_id", "retail_price", "quantity") VALUES (22, 14, 60.00, 1);
INSERT INTO "sale_details" ("sale_id", "part_id", "retail_price", "quantity") VALUES (23, 15, 70.00, 1);
INSERT INTO "sale_details" ("sale_id", "part_id", "retail_price", "quantity") VALUES (23, 16, 90.00, 1);
INSERT INTO "sale_details" ("sale_id", "part_id", "retail_price", "quantity") VALUES (24, 17, 120.00, 1);
INSERT INTO "sale_details" ("sale_id", "part_id", "retail_price", "quantity") VALUES (24, 18, 150.00, 1);
INSERT INTO "sale_details" ("sale_id", "part_id", "retail_price", "quantity") VALUES (25, 19, 20.00, 2);
INSERT INTO "sale_details" ("sale_id", "part_id", "retail_price", "quantity") VALUES (25, 20, 15.00, 1);
INSERT INTO "sale_details" ("sale_id", "part_id", "retail_price", "quantity") VALUES (26, 21, 50.00, 1);
INSERT INTO "sale_details" ("sale_id", "part_id", "retail_price", "quantity") VALUES (26, 22, 30.00, 1);
INSERT INTO "sale_details" ("sale_id", "part_id", "retail_price", "quantity") VALUES (27, 23, 200.00, 1);
INSERT INTO "sale_details" ("sale_id", "part_id", "retail_price", "quantity") VALUES (27, 24, 250.00, 1);
INSERT INTO "sale_details" ("sale_id", "part_id", "retail_price", "quantity") VALUES (28, 25, 150.00, 1);
INSERT INTO "sale_details" ("sale_id", "part_id", "retail_price", "quantity") VALUES (28, 26, 800.00, 1);
INSERT INTO "sale_details" ("sale_id", "part_id", "retail_price", "quantity") VALUES (29, 27, 400.00, 1);
INSERT INTO "sale_details" ("sale_id", "part_id", "retail_price", "quantity") VALUES (29, 28, 600.00, 1);
INSERT INTO "sale_details" ("sale_id", "part_id", "retail_price", "quantity") VALUES (30, 29, 200.00, 1);
INSERT INTO "sale_details" ("sale_id", "part_id", "retail_price", "quantity") VALUES (30, 30, 500.00, 1);