DELETE FROM sale_details;
DELETE FROM sales;
DELETE FROM delivery_details;
DELETE FROM deliveries;
DELETE FROM delivery_requests;
DELETE FROM parts;
DELETE FROM customers;
DELETE FROM suppliers;


ALTER TABLE sale_details AUTO_INCREMENT = 1;
ALTER TABLE sales AUTO_INCREMENT = 1;
ALTER TABLE delivery_details AUTO_INCREMENT = 1;
ALTER TABLE deliveries AUTO_INCREMENT = 1;
ALTER TABLE delivery_requests AUTO_INCREMENT = 1;
ALTER TABLE parts AUTO_INCREMENT = 1;
ALTER TABLE customers AUTO_INCREMENT = 1;
ALTER TABLE suppliers AUTO_INCREMENT = 1;


INSERT INTO suppliers (company_name, contact_info) VALUES
('TechParts Inc.', 'contact@techparts.com'),
('Global Components', 'info@globalcomponents.com'),
('ElectroParts Ltd.', 'support@electroparts.com'),
('PC Builders Co.', 'sales@pcbuilders.com'),
('Hardware Solutions', 'support@hardwaresolutions.com'),
('NextGen Tech', 'info@nextgentech.com'),
('Elite Components', 'contact@elitecomponents.com'),
('Future Parts', 'sales@futureparts.com'),
('Tech Innovators', 'info@techinnovators.com'),
('Smart Hardware', 'support@smarthardware.com'),
('Advanced Components', 'sales@advancedcomponents.com'),
('PC Gear Ltd.', 'info@pcgear.com'),
('Tech World', 'contact@techworld.com'),
('Global Hardware', 'support@globalhardware.com'),
('Innovative Parts', 'sales@innovativeparts.com'),
('Tech Hub', 'info@techhub.com'),
('PC Masters', 'contact@pcmasters.com'),
('Hardware Pros', 'support@hardwarepros.com'),
('Future Tech', 'sales@futuretech.com'),
('Elite Hardware', 'info@elitehardware.com'),
('NextGen Parts', 'contact@nextgenparts.com'),
('Smart Components', 'support@smartcomponents.com'),
('Advanced Tech', 'sales@advancedtech.com'),
('PC Innovators', 'info@pcinnovators.com'),
('Tech Solutions', 'contact@techsolutions.com'),
('Global Tech', 'support@globaltech.com'),
('Innovative Hardware', 'sales@innovativehardware.com'),
('PC Experts', 'info@pcexperts.com'),
('Tech Pros', 'contact@techpros.com'),
('Hardware Masters', 'support@hardwaremasters.com');


INSERT INTO customers (first_name, last_name, phone_number) VALUES
('John', 'Doe', '555-0101'),
('Jane', 'Smith', '555-0102'),
('Alice', 'Johnson', '555-0103'),
('Bob', 'Brown', '555-0104'),
('Charlie', 'Davis', '555-0105'),
('Eva', 'Wilson', '555-0106'),
('Frank', 'Moore', '555-0107'),
('Grace', 'Taylor', '555-0108'),
('Henry', 'Anderson', '555-0109'),
('Ivy', 'Thomas', '555-0110'),
('Jack', 'Jackson', '555-0111'),
('Karen', 'White', '555-0112'),
('Leo', 'Harris', '555-0113'),
('Mia', 'Martin', '555-0114'),
('Noah', 'Thompson', '555-0115'),
('Olivia', 'Garcia', '555-0116'),
('Paul', 'Martinez', '555-0117'),
('Quinn', 'Robinson', '555-0118'),
('Ryan', 'Clark', '555-0119'),
('Sophia', 'Rodriguez', '555-0120'),
('Tom', 'Lewis', '555-0121'),
('Uma', 'Lee', '555-0122'),
('Victor', 'Walker', '555-0123'),
('Wendy', 'Hall', '555-0124'),
('Xander', 'Allen', '555-0125'),
('Yara', 'Young', '555-0126'),
('Zack', 'Hernandez', '555-0127'),
('Amy', 'King', '555-0128'),
('Ben', 'Wright', '555-0129'),
('Cara', 'Lopez', '555-0130');


INSERT INTO parts (part_name, description, units_in_stock, retail_price) VALUES
('Motherboard', 'ATX form factor', 10, 120.00),
('CPU', 'Quad-core processor', 15, 200.00),
('RAM', '16GB DDR4', 20, 80.00),
('GPU', '8GB GDDR6', 25, 500.00),
('SSD', '1TB NVMe', 30, 150.00),
('HDD', '2TB 7200 RPM', 35, 80.00),
('Power Supply', '750W 80+ Gold', 40, 100.00),
('Case', 'Mid Tower', 45, 70.00),
('Cooler', 'Liquid Cooling', 50, 90.00),
('Monitor', '27" 144Hz', 55, 300.00),
('Keyboard', 'Mechanical', 60, 120.00),
('Mouse', 'Gaming', 65, 50.00),
('Headset', '7.1 Surround', 70, 100.00),
('Speaker', '2.1 Channel', 75, 60.00),
('Webcam', '1080p', 80, 70.00),
('Microphone', 'Condenser', 85, 90.00),
('Router', 'Wi-Fi 6', 90, 120.00),
('Switch', '24 Port', 95, 150.00),
('Cable', 'HDMI 2.0', 100, 20.00),
('Adapter', 'USB-C to HDMI', 105, 15.00),
('Battery', 'Laptop', 110, 50.00),
('Charger', '65W', 115, 30.00),
('Dock', 'Thunderbolt 3', 120, 200.00),
('Printer', 'Laser', 125, 250.00),
('Scanner', 'Flatbed', 130, 150.00),
('Projector', '4K', 135, 800.00),
('Tablet', '10"', 140, 400.00),
('Smartphone', '128GB', 145, 600.00),
('Smartwatch', 'Fitness', 150, 200.00),
('Drone', '4K Camera', 155, 500.00);


INSERT INTO delivery_requests (supplier_id, request_date, part_id, quantity) VALUES
(1, '2023-01-01', 1, 5),
(2, '2023-01-02', 2, 10),
(3, '2023-01-03', 3, 15),
(4, '2023-01-04', 4, 20),
(5, '2023-01-05', 5, 25),
(6, '2023-01-06', 6, 30),
(7, '2023-01-07', 7, 35),
(8, '2023-01-08', 8, 40),
(9, '2023-01-09', 9, 45),
(10, '2023-01-10', 10, 50),
(11, '2023-01-11', 11, 55),
(12, '2023-01-12', 12, 60),
(13, '2023-01-13', 13, 65),
(14, '2023-01-14', 14, 70),
(15, '2023-01-15', 15, 75),
(16, '2023-01-16', 16, 80),
(17, '2023-01-17', 17, 85),
(18, '2023-01-18', 18, 90),
(19, '2023-01-19', 19, 95),
(20, '2023-01-20', 20, 100),
(21, '2023-01-21', 21, 105),
(22, '2023-01-22', 22, 110),
(23, '2023-01-23', 23, 115),
(24, '2023-01-24', 24, 120),
(25, '2023-01-25', 25, 125),
(26, '2023-01-26', 26, 130),
(27, '2023-01-27', 27, 135),
(28, '2023-01-28', 28, 140),
(29, '2023-01-29', 29, 145),
(30, '2023-01-30', 30, 150);


INSERT INTO deliveries (delivery_date) VALUES
('2023-01-05'),
('2023-01-06'),
('2023-01-07'),
('2023-01-08'),
('2023-01-09'),
('2023-01-10'),
('2023-01-11'),
('2023-01-12'),
('2023-01-13'),
('2023-01-14'),
('2023-01-15'),
('2023-01-16'),
('2023-01-17'),
('2023-01-18'),
('2023-01-19'),
('2023-01-20'),
('2023-01-21'),
('2023-01-22'),
('2023-01-23'),
('2023-01-24'),
('2023-01-25'),
('2023-01-26'),
('2023-01-27'),
('2023-01-28'),
('2023-01-29'),
('2023-01-30'),
('2023-01-31'),
('2023-02-01'),
('2023-02-02'),
('2023-02-03');


INSERT INTO delivery_details (delivery_id, request_id, quantity, selling_price) VALUES
(1, 1, 5, 100.00),
(2, 2, 10, 180.00),
(3, 3, 15, 70.00),
(4, 4, 20, 450.00),
(5, 5, 25, 130.00),
(6, 6, 30, 70.00),
(7, 7, 35, 90.00),
(8, 8, 40, 60.00),
(9, 9, 45, 80.00),
(10, 10, 50, 280.00),
(11, 11, 55, 110.00),
(12, 12, 60, 45.00),
(13, 13, 65, 90.00),
(14, 14, 70, 55.00),
(15, 15, 75, 65.00),
(16, 16, 80, 85.00),
(17, 17, 85, 110.00),
(18, 18, 90, 140.00),
(19, 19, 95, 18.00),
(20, 20, 100, 13.00),
(21, 21, 105, 45.00),
(22, 22, 110, 25.00),
(23, 23, 115, 180.00),
(24, 24, 120, 230.00),
(25, 25, 125, 140.00),
(26, 26, 130, 750.00),
(27, 27, 135, 380.00),
(28, 28, 140, 550.00),
(29, 29, 145, 180.00),
(30, 30, 150, 450.00);


INSERT INTO sales (customer_id, sale_date) VALUES
(1, '2023-01-10'),
(2, '2023-01-11'),
(3, '2023-01-12'),
(4, '2023-01-13'),
(5, '2023-01-14'),
(6, '2023-01-15'),
(7, '2023-01-16'),
(8, '2023-01-17'),
(9, '2023-01-18'),
(10, '2023-01-19'),
(11, '2023-01-20'),
(12, '2023-01-21'),
(13, '2023-01-22'),
(14, '2023-01-23'),
(15, '2023-01-24'),
(16, '2023-01-25'),
(17, '2023-01-26'),
(18, '2023-01-27'),
(19, '2023-01-28'),
(20, '2023-01-29'),
(21, '2023-01-30'),
(22, '2023-01-31'),
(23, '2023-02-01'),
(24, '2023-02-02'),
(25, '2023-02-03'),
(26, '2023-02-04'),
(27, '2023-02-05'),
(28, '2023-02-06'),
(29, '2023-02-07'),
(30, '2023-02-08');


INSERT INTO sale_details (sale_id, part_id, retail_price, quantity) VALUES
(1, 1, 120.00, 5),
(1, 2, 200.00, 1),
(2, 3, 80.00, 4),
(2, 4, 500.00, 1),
(3, 5, 150.00, 2),
(3, 6, 80.00, 1),
(4, 7, 100.00, 1),
(4, 8, 70.00, 1),
(5, 9, 90.00, 1),
(5, 10, 300.00, 1),
(6, 11, 120.00, 1),
(6, 12, 50.00, 1),
(7, 13, 100.00, 1),
(7, 14, 60.00, 1),
(8, 15, 70.00, 1),
(8, 16, 90.00, 1),
(9, 17, 120.00, 1),
(9, 18, 150.00, 1),
(10, 19, 20.00, 2),
(10, 20, 15.00, 1),
(11, 21, 50.00, 1),
(11, 22, 30.00, 1),
(12, 23, 200.00, 1),
(12, 24, 250.00, 1),
(13, 25, 150.00, 1),
(13, 26, 800.00, 1),
(14, 27, 400.00, 1),
(14, 28, 600.00, 1),
(15, 29, 200.00, 1),
(15, 30, 500.00, 1),
(16, 1, 120.00, 3),
(16, 3, 80.00, 2),
(17, 2, 200.00, 1),
(17, 4, 500.00, 1),
(18, 5, 150.00, 2),
(18, 6, 80.00, 1),
(19, 7, 100.00, 1),
(19, 8, 70.00, 1),
(20, 9, 90.00, 1),
(20, 10, 300.00, 1),
(21, 11, 120.00, 1),
(21, 12, 50.00, 1),
(22, 13, 100.00, 1),
(22, 14, 60.00, 1),
(23, 15, 70.00, 1),
(23, 16, 90.00, 1),
(24, 17, 120.00, 1),
(24, 18, 150.00, 1),
(25, 19, 20.00, 2),
(25, 20, 15.00, 1),
(26, 21, 50.00, 1),
(26, 22, 30.00, 1),
(27, 23, 200.00, 1),
(27, 24, 250.00, 1),
(28, 25, 150.00, 1),
(28, 26, 800.00, 1),
(29, 27, 400.00, 1),
(29, 28, 600.00, 1),
(30, 29, 200.00, 1),
(30, 30, 500.00, 1);